MAPE,RMSE
0.29437798250177866,33.19382347512107
